rat,age,gtyp,sex,stage,variable,value
20241011a,Adult,fa/+,F,vehicle,excretion_glucose,1.1542
20241011b,Adult,fa/+,F,vehicle,excretion_glucose,0.0871
20241014a,Adult,fa/+,F,vehicle,excretion_glucose,0.8184000000000001
20241014b,Adult,fa/+,M,vehicle,excretion_glucose,0.648
20241015a,Adult,fa/+,M,vehicle,excretion_glucose,2.146
20241015b,Adult,fa/+,M,vehicle,excretion_glucose,3.193
20241021a,Adult,fa/fa,M,vehicle,excretion_glucose,16.709
20241022a,Adult,fa/+,F,vehicle,excretion_glucose,1.6928
20241022b,Adult,fa/fa,M,vehicle,excretion_glucose,19.158
20241023a,Adult,fa/+,M,vehicle,excretion_glucose,1.16
20241023b,Adult,fa/fa,F,vehicle,excretion_glucose,8.928
20241024a,Adult,fa/fa,F,vehicle,excretion_glucose,4.774
20241025a,Adult,fa/fa,F,vehicle,excretion_glucose,9.009
20241028a,Adult,fa/fa,M,vehicle,excretion_glucose,16.718
20241029a,Adult,fa/fa,M,vehicle,excretion_glucose,0.3
20241029b,Adult,fa/+,F,vehicle,excretion_glucose,1.769
20241029c,Adult,fa/+,F,vehicle,excretion_glucose,1.2545
20241030a,Adult,fa/fa,F,vehicle,excretion_glucose,15.05
20241030b,Adult,fa/fa,F,vehicle,excretion_glucose,17.045
20240813a,Young,fa/fa,M,vehicle,excretion_glucose,4.8950000000000005
20240814a,Young,fa/fa,M,vehicle,excretion_glucose,20.945
20240815a,Young,fa/+,F,vehicle,excretion_glucose,1.68
20240815b,Young,fa/fa,F,vehicle,excretion_glucose,16.240000000000002
20240816a,Young,fa/fa,F,vehicle,excretion_glucose,11.016
20240816b,Young,fa/+,F,vehicle,excretion_glucose,1.8145
20240820a,Young,fa/+,M,vehicle,excretion_glucose,1.6198
20240820b,Young,fa/fa,M,vehicle,excretion_glucose,16.776
20240821a,Young,fa/fa,M,vehicle,excretion_glucose,14.976
20240821b,Young,fa/+,M,vehicle,excretion_glucose,2.211
20240822b,Young,fa/+,M,vehicle,excretion_glucose,0.714
20240823a,Young,fa/fa,F,vehicle,excretion_glucose,11.165
20240823b,Young,fa/fa,F,vehicle,excretion_glucose,3.103
20240826a,Young,fa/+,M,vehicle,excretion_glucose,0.387
20240813a,Young,fa/fa,M,empa_minus_vehicle,excretion_glucose,-1.8420000000000003
20240814a,Young,fa/fa,M,empa_minus_vehicle,excretion_glucose,1.279
20240815a,Young,fa/+,F,empa_minus_vehicle,excretion_glucose,1.0560000000000005
20240815b,Young,fa/fa,F,empa_minus_vehicle,excretion_glucose,-2.040000000000001
20240816a,Young,fa/fa,F,empa_minus_vehicle,excretion_glucose,1.269
20240816b,Young,fa/+,F,empa_minus_vehicle,excretion_glucose,1.9815000000000005
20240820a,Young,fa/+,M,empa_minus_vehicle,excretion_glucose,3.7862
20240821a,Young,fa/fa,M,empa_minus_vehicle,excretion_glucose,1.019000000000002
20240821b,Young,fa/+,M,empa_minus_vehicle,excretion_glucose,-0.1459999999999999
20240822b,Young,fa/+,M,empa_minus_vehicle,excretion_glucose,2.289
20240823a,Young,fa/fa,F,empa_minus_vehicle,excretion_glucose,1.3419999999999987
20240823b,Young,fa/fa,F,empa_minus_vehicle,excretion_glucose,2.903
20240826a,Young,fa/+,M,empa_minus_vehicle,excretion_glucose,2.133
20241011a,Adult,fa/+,F,empa_minus_vehicle,excretion_glucose,2.8448
20241011b,Adult,fa/+,F,empa_minus_vehicle,excretion_glucose,3.3639
20241014a,Adult,fa/+,F,empa_minus_vehicle,excretion_glucose,2.1516
20241014b,Adult,fa/+,M,empa_minus_vehicle,excretion_glucose,2.397
20241015a,Adult,fa/+,M,empa_minus_vehicle,excretion_glucose,2.4620000000000006
20241015b,Adult,fa/+,M,empa_minus_vehicle,excretion_glucose,1.922
20241021a,Adult,fa/fa,M,empa_minus_vehicle,excretion_glucose,1.0500000000000007
20241022a,Adult,fa/+,F,empa_minus_vehicle,excretion_glucose,3.1672
20241022b,Adult,fa/fa,M,empa_minus_vehicle,excretion_glucose,7.902000000000001
20241023a,Adult,fa/+,M,empa_minus_vehicle,excretion_glucose,4.219
20241023b,Adult,fa/fa,F,empa_minus_vehicle,excretion_glucose,3.596
20241024a,Adult,fa/fa,F,empa_minus_vehicle,excretion_glucose,3.5200000000000005
20241025a,Adult,fa/fa,F,empa_minus_vehicle,excretion_glucose,2.0009999999999994
20241028a,Adult,fa/fa,M,empa_minus_vehicle,excretion_glucose,4.338000000000001
20241029a,Adult,fa/fa,M,empa_minus_vehicle,excretion_glucose,2.571
20241029b,Adult,fa/+,F,empa_minus_vehicle,excretion_glucose,1.891
20241029c,Adult,fa/+,F,empa_minus_vehicle,excretion_glucose,2.6825
20241030a,Adult,fa/fa,F,empa_minus_vehicle,excretion_glucose,-0.4639999999999986
20241030b,Adult,fa/fa,F,empa_minus_vehicle,excretion_glucose,-4.839000000000002
20240813a,Young,fa/fa,M,empa,excretion_glucose,3.053
20240814a,Young,fa/fa,M,empa,excretion_glucose,22.224
20240815a,Young,fa/+,F,empa,excretion_glucose,2.7360000000000007
20240815b,Young,fa/fa,F,empa,excretion_glucose,14.200000000000001
20240816a,Young,fa/fa,F,empa,excretion_glucose,12.285
20240816b,Young,fa/+,F,empa,excretion_glucose,3.7960000000000003
20240820a,Young,fa/+,M,empa,excretion_glucose,5.406
20240821a,Young,fa/fa,M,empa,excretion_glucose,15.995000000000003
20240821b,Young,fa/+,M,empa,excretion_glucose,2.065
20240822b,Young,fa/+,M,empa,excretion_glucose,3.003
20240823a,Young,fa/fa,F,empa,excretion_glucose,12.506999999999998
20240823b,Young,fa/fa,F,empa,excretion_glucose,6.006
20240826a,Young,fa/+,M,empa,excretion_glucose,2.52
20241011a,Adult,fa/+,F,empa,excretion_glucose,3.999
20241011b,Adult,fa/+,F,empa,excretion_glucose,3.451
20241014a,Adult,fa/+,F,empa,excretion_glucose,2.97
20241014b,Adult,fa/+,M,empa,excretion_glucose,3.045
20241015a,Adult,fa/+,M,empa,excretion_glucose,4.6080000000000005
20241015b,Adult,fa/+,M,empa,excretion_glucose,5.115
20241021a,Adult,fa/fa,M,empa,excretion_glucose,17.759
20241022a,Adult,fa/+,F,empa,excretion_glucose,4.859999999999999
20241022b,Adult,fa/fa,M,empa,excretion_glucose,27.060000000000002
20241023a,Adult,fa/+,M,empa,excretion_glucose,5.3790000000000004
20241023b,Adult,fa/fa,F,empa,excretion_glucose,12.524000000000001
20241024a,Adult,fa/fa,F,empa,excretion_glucose,8.294
20241025a,Adult,fa/fa,F,empa,excretion_glucose,11.01
20241028a,Adult,fa/fa,M,empa,excretion_glucose,21.056
20241029a,Adult,fa/fa,M,empa,excretion_glucose,2.871
20241029b,Adult,fa/+,F,empa,excretion_glucose,3.66
20241029c,Adult,fa/+,F,empa,excretion_glucose,3.9370000000000003
20241030a,Adult,fa/fa,F,empa,excretion_glucose,14.586000000000002
20241030b,Adult,fa/fa,F,empa,excretion_glucose,12.206
